日時,分析種類,結果,画像URL,ユーザー,
2025/08/08 20:33:43,観光分析,"【観光地情報】
- 名称・場所：グール・エミールの霊廟（サマルカンド、ウズベキスタン）
- 歴史・背景：1404年、ティムール朝の建築家によってティムールとその子孫の霊廟として建設された。ティムール帝国の繁栄を象徴する建築物。
- 建築様式・特徴：ティムール朝建築様式。青色のタイル装飾が特徴的なドーム、幾何学模様のタイル細工、壮麗なポータルが印象的。

【おすすめ情報】
- 見どころ：鮮やかな青色のドーム、精緻なタイル細工、内部の装飾。夜間のライトアップも美しい。
- ベストタイム：春（4～5月）と秋（9～10月）。過ごしやすい気候で観光しやすい。
- 写真撮影スポット：霊廟全体、特にドームとポータルを正面から撮影するのがおすすめ。
- 周辺の見どころ：レギスタン広場、シャーヒ・ジンダー廟など、サマルカンドには見どころが豊富。


",https://drive.google.com/file/d/1gcsAyZknrtZh9DBSetjJ44SjIOTDtcQp/view?usp=drivesdk,manabu.yoshida.sapporo@gmail.com,
2025/08/08 20:38:06,店舗分析,"画像からは店舗の情報は読み取れません。画像に写っているのは、ウズベキスタン料理の串焼き（おそらくシャシュリク）です。そのため、店舗情報ではなく、料理に関する情報を提供します。

【料理情報】
- 料理の種類：ウズベキスタン料理の串焼き（シャシュリク）
- 主な食材：羊肉、ザクロ、玉ねぎなど
- 特記事項：ザクロの実が添えられており、見た目も美しいです。

【評価・レビュー】
- おすすめ度：★★★★★（5段階）
- 特徴：ウズベキスタンを代表する料理の一つで、ジューシーな羊肉とザクロの酸味が絶妙なバランスです。
- 注意点：羊肉が苦手な方は注意が必要です。


画像からは店舗に関する情報が得られないため、上記のように回答しました。もし店舗の写真があれば、より詳細な情報を提供できます。
",https://drive.google.com/file/d/1V1gkMJ7KmYKSzBVvmbAuBd3Wj0BOdeYE/view?usp=drivesdk,manabu.yoshida.sapporo@gmail.com,
2025/08/08 20:49:26,店舗分析,"画像に写っているのは店舗ではなく、ウズベキスタンの歴史的な建造物です。

【店舗情報】
- 店舗の種類：該当なし（歴史的建造物）
- 主な商品・サービス：該当なし
- 看板の意味：該当なし

【評価・レビュー】
- おすすめ度：★★★★★
- 特徴：サマルカンドの美しいモスクや霊廟。青いドームと装飾タイルが圧巻！夜のライトアップは特にロマンチック。
- 注意点：宗教施設なので、肌の露出を控えめにした服装で行きましょう。",https://drive.google.com/file/d/15vCtdFJoCKF9geaUv9zo46olToT-6oFl/view?usp=drivesdk,manabu.yoshida.sapporo@gmail.com,
2025/08/08 21:02:57,観光分析,"はい、承知いたしました。画像に写っているウズベキスタンの観光地について、以下にまとめました。

【観光地情報】
- 名称・場所：グル・エミル廟、サマルカンド
- 歴史・背景：ティムール朝の創始者ティムールの墓廟。15世紀初頭に建設されました。
- 建築様式・特徴：イスラム建築の傑作。青色のドームと幾何学模様の装飾が特徴的です。

【おすすめ情報】
- 見どころ：壮麗なドーム、内部の装飾、ティムールとその子孫の墓石。
- ベストタイム：夕暮れ時。ライトアップされた姿は幻想的です。
- 写真撮影スポット：廟全体が見渡せる広場からの撮影がおすすめです。
- 周辺の見どころ：レギスタン広場、ビビハニム・モスクなど。",https://drive.google.com/file/d/16JPHOQVf5qC0bpFDCRL8wV82HvUgw6ai/view?usp=drivesdk,manabu.yoshida.sapporo@gmail.com,
2025/08/08 21:08:23,店舗分析,"はい、承知いたしました。画像に写っているウズベキスタンの店舗について、以下の通り回答します。

【店舗情報】
- 店舗の種類：レストラン
- 主な商品・サービス：ウズベク料理
- 看板の意味：「Samarkand」（サマルカンド）

【評価・レビュー】
- おすすめ度：★★★★☆
- 特徴：豪華な内装で、本格的なウズベク料理を楽しめます。プロフやシャシリクなど、定番料理はぜひ試してみてください。
- 注意点：少し値段設定が高めかもしれません。",https://drive.google.com/file/d/1Yt3af5-jUe3-nfi2fUASk0d9PPm0OWjp/view?usp=drivesdk,manabu.yoshida.sapporo@gmail.com,
2025/08/08 21:13:40,店舗分析,"はい、承知いたしました。画像に写っているウズベキスタンの店舗について、以下の通り回答します。

【店舗情報】
- 店舗の種類：レストラン
- 主な商品・サービス：ウズベク料理
- 看板の意味：KARIMBEK RESTAURANT（カリムベク レストラン）

【評価・レビュー】
- おすすめ度：★★★☆☆
- 特徴：伝統的な内装で雰囲気の良いレストラン。プロフやラグマンなど定番のウズベク料理が楽しめます。
- 注意点：観光客向けなので、少し値段設定が高めかもしれません。

【料金目安】
- 価格帯：普通～高め
- 具体的な料金目安：メイン料理1品あたり50,000～150,000スム（約5～15USD）
- コスパ評価：料理の質と雰囲気を考慮すると、まずまずのコスパです。",https://drive.google.com/file/d/1wig3UHQYWattNvDx2ClH2BlofIL6pUAV/view?usp=drivesdk,manabu.yoshida.sapporo@gmail.com,
2025/08/08 21:17:52,店舗分析,"はい、承知いたしました。画像に写っているウズベキスタンの店舗について、以下の通り回答します。

【店舗情報】
- 店舗の種類：レストラン
- 主な商品・サービス：ウズベク料理
- 看板の意味：KARIMBEK RESTAURANT（カリムベク レストラン）

【評価・レビュー】
- おすすめ度：★★★☆☆
- 特徴：伝統的なウズベク建築が美しいレストラン。プロフやシャシリクなど、本格的なウズベク料理を楽しめます。
- 注意点：観光客向けなので、少し値段設定が高めかもしれません。

【料金目安】
- 価格帯：普通～高め
- 具体的な料金目安：メイン料理1品あたり50,000～150,000スム（約5～15USD）
- コスパ評価：料理の質と雰囲気を考慮すると、まずまずのコスパです。",https://drive.google.com/file/d/1LJVcWzd0RF8G1OEnWYnTTAp0_MnxbEZ6/view?usp=drivesdk,manabu.yoshida.sapporo@gmail.com,
2025/08/08 21:19:58,観光分析,"はい、承知いたしました。画像に写っているウズベキスタンの観光地について、以下にまとめました。

【観光地情報】
- 名称・場所：ティムール朝の霊廟、サマルカンド
- 歴史・背景：ティムール朝の創始者ティムールの霊廟。15世紀初頭に建設され、壮麗なイスラム建築の傑作として知られています。
- 建築様式・特徴：青色のドーム、幾何学模様のタイル装飾が特徴的なイスラム建築。内部は豪華な装飾が施されています。

【おすすめ情報】
- 見どころ：青色のドームと緻密なタイル装飾。内部の豪華な装飾も見逃せません。
- ベストタイム：日中から夕暮れ時。夕日に照らされる姿は格別です。
- 写真撮影スポット：正面からの全景、ドームのアップ、内部の装飾。
- 周辺の見どころ：レギスタン広場、ビビハニム・モスクなど。

【料金・アクセス情報】
- 入場料：約30,000スム（約3USD）
- 追加料金：ガイド、写真撮影許可など。
- アクセス方法：サマルカンド市内からタクシーまたはバス。
- 注意点：夏は非常に暑く、日差しが",https://drive.google.com/file/d/1iOW71JJhhWmfL8jUeQXfUUUa64L0k1WY/view?usp=drivesdk,manabu.yoshida.sapporo@gmail.com,
2025/08/08 21:25:27,観光分析,"はい、承知いたしました。画像に写っているウズベキスタンの観光地について、以下の通りご案内します。

【観光地情報】
- 名称・場所：グル・エミル廟、サマルカンド
- 歴史・背景：ティムール朝の創始者ティムールの墓廟。15世紀初頭に建設されました。
- 建築様式・特徴：イスラム建築の傑作。青色のドームと幾何学模様の装飾が特徴的です。

【おすすめ情報】
- 見どころ：壮麗なドーム、内部の装飾、ティムールの墓石
- ベストタイム：夕暮れ時。ライトアップされた姿は幻想的です。
- 写真撮影スポット：廟全体が見渡せる広場からの撮影がおすすめです。
- 周辺の見どころ：レギスタン広場、ビビハニム・モスク

【料金・アクセス情報】
- 入場料：約30,000スム（約3USD）
- 追加料金：ガイドは別途料金がかかります。
- アクセス方法：サマルカンド市内からタクシーで約10分。
- 注意点：夏は非常に暑くなるため、日焼け対策が必要です。
- 営業時間：9:00～18:00（季節により変動あり）",https://drive.google.com/file/d/10L3XKn-iuXthgNMpzhHRRZyNuuJAMPBJ/view?usp=drivesdk,manabu.yoshida.sapporo@gmail.com,
2025/08/08 21:34:21,観光分析,"はい、承知いたしました。画像に写っているウズベキスタンの観光地について、以下の通りご案内します。

【観光地情報】
- 名称・場所：グル・エミル廟、サマルカンド
- 歴史・背景：ティムール朝の創始者ティムールの墓廟。15世紀初頭に建設。
- 建築様式・特徴：イスラム建築の傑作。青色のドーム、幾何学模様のタイル装飾が特徴。

【おすすめ情報】
- 見どころ：壮麗なドーム、内部の装飾、ティムールの墓石。
- ベストタイム：夕暮れ時、ライトアップされた姿は幻想的。
- 写真撮影スポット：廟全体が見渡せる場所、ドームのアップ。
- 周辺の見どころ：レギスタン広場、ビビハニム・モスク。

【料金・アクセス情報】
- 入場料：約30,000スム（約3USD）
- 追加料金：ガイド、写真撮影許可証が必要な場合あり。
- アクセス方法：サマルカンド市内からタクシーまたはバス。
- 注意点：夏は暑く、日差しが強いので対策を。
- 営業時間：通常9:00～18:00（季節により変動）。",https://drive.google.com/file/d/1dzgMwoyVCmlO1Oeyq_5DlDBGjRAYGP_D/view?usp=drivesdk,manabu.yoshida.sapporo@gmail.com,OK
2025/08/08 21:42:46,観光分析,"はい、承知いたしました。画像に写っているウズベキスタンの観光地について、以下にまとめました。

【観光地情報】
- 名称・場所：グル・エミル廟、サマルカンド
- 歴史・背景：ティムール朝の創始者ティムールの墓廟。15世紀初頭に建設され、壮麗なイスラム建築の傑作として知られています。
- 建築様式・特徴：青色のドームが特徴的なイスラム建築。幾何学模様のタイル装飾やアラビア文字のカリグラフィーが美しい。

【おすすめ情報】
- 見どころ：内部の装飾、特にティムールの墓石は必見。
- ベストタイム：夕暮れ時、ライトアップされた姿は幻想的。
- 写真撮影スポット：廟全体が見渡せる広場からの撮影がおすすめ。
- 周辺の見どころ：レギスタン広場、ビビハニム・モスクなど。

【料金・アクセス情報】
- 入場料：約40,000スム（約3USD）
- 追加料金：ガイドは別途料金が必要。
- アクセス方法：サマルカンド市内からタクシーまたはバスでアクセス可能。
- 注意点：夏は非常に暑くなるため、日焼け対策が必要。
- 営業時間：9:00～18:0",https://drive.google.com/file/d/1GP4is2PNDWfLWp8ut5v2LT6heTPoNnbo/view?usp=drivesdk,manabu.yoshida.sapporo@gmail.com,OK
2025/08/08 21:44:26,店舗分析,"はい、承知いたしました。画像に写っているウズベキスタンの店舗について、以下の通り回答します。

【店舗情報】
- 店舗の種類：レストラン
- 主な商品・サービス：ウズベキスタンの国民食を中心とした料理
- 看板の意味：「ANHOR」はおそらく店名、「National Food」は「国民食」の意味です。

【評価・レビュー】
- おすすめ度：★★★★☆
- 特徴：ウズベキスタンの伝統的な料理を気軽に楽しめるレストラン。内装も雰囲気がありそう。
- 注意点：英語メニューがあるか確認すると安心。

【料金目安】
- 価格帯：普通
- 具体的な料金目安：プロフ（ピラフ）1皿あたり50,000スム（約5USD）程度と予想。
- コスパ評価：ウズベキスタン料理を試すには良いコスパ。",https://drive.google.com/file/d/1NczPvTRrjhnLVqt792qXu1vihO2G_fd9/view?usp=drivesdk,manabu.yoshida.sapporo@gmail.com,OK
2025/08/09 9:06:58,店舗分析,"すみません、画像からは店舗の種類を特定できません。建物の外観から判断すると、モスクやマドラサ（神学校）などの宗教施設である可能性が高いです。

もし内部にショップや売店がある場合、お土産や宗教関連の品物が販売されているかもしれません。

【評価・レビュー】
- おすすめ度：★★★★★（歴史的建造物として）
- 特徴：美しいイスラム建築、タイル装飾が見事
- 注意点：宗教施設なので、服装に注意。写真撮影の可否を確認。

【料金目安】
- 価格帯：無料（見学のみの場合）
- 具体的な料金目安：寄付やお土産代は別途
- コスパ評価：非常に高い（歴史と文化に触れられる）

旅行の際は、現地の情報を確認し、マナーを守って見学しましょう！
",https://drive.google.com/file/d/1LFa6VyfPXx0rr2yckELwxzxo8Dd9jfi1/view?usp=drivesdk,manabu.yoshida.sapporo@gmail.com,OK
2025/08/09 9:09:19,店舗分析,"はい、承知いたしました。画像に写っているのは、ウズベキスタンのサマルカンドにあるレギスタン広場です。店舗ではありませんが、観光地としてご紹介します。

【店舗情報】
- 店舗の種類：観光名所（広場）
- 主な商品・サービス：歴史的建造物の見学、写真撮影
- 看板の意味：特になし

【評価・レビュー】
- おすすめ度：★★★★★
- 特徴：息をのむほど美しいイスラム建築群。特に夜のライトアップは必見！
- 注意点：日中は日差しが強いので、帽子や日焼け止め対策を。

【料金目安】
- 価格帯：普通（入場料がかかります）
- 具体的な料金目安：入場料は変動しますが、目安として1人あたり50,000スム（約5USD）程度。
- コスパ評価：非常に高い。一生の思い出になる景色が見られます！
",https://drive.google.com/file/d/1a2miyUfAxcAaZEyB60vbn8Od0pZVZnMG/view?usp=drivesdk,manabu.yoshida.sapporo@gmail.com,OK
2025/08/09 10:25:55,店舗分析,"はい、承知いたしました。画像に写っているウズベキスタンの店舗について、旅行者向けに親しみやすく回答します。

【店舗情報】
- 店舗の種類：観光名所（広場とモスク）
- 主な商品・サービス：歴史的建造物の見学、写真撮影
- 看板の意味：(看板は見当たりませんが)建物自体が歴史を語る看板です！

【評価・レビュー】
- おすすめ度：★★★★★
- 特徴：息をのむような美しいイスラム建築！青いドームと緻密な装飾は必見。
- 注意点：日中は日差しが強いので、帽子や日焼け止め対策を忘れずに。

【料金目安】
- 価格帯：無料～有料（モスク内部の見学は有料の場合あり）
- 具体的な料金目安：入場料は変動するので現地で確認を。
- コスパ評価：歴史と美しさに触れられるので、コスパ最高！

サマルカンドのレギスタン広場のような場所ですね！ぜひ訪れて、ウズベキスタンの歴史と文化を感じてください。
",https://drive.google.com/file/d/126jrHAoFivm_NNCxvauawTY4FkWOfcMz/view?usp=drivesdk,匿名ユーザー,OK
2025/08/09 10:26:21,観光分析,"はい、承知いたしました。画像に写っているウズベキスタンの観光地について、以下の通り回答します。

【観光地情報】
- 名称・場所：レギスタン広場、サマルカンド
- 歴史・背景：ティムール朝時代に建設された中央アジアの歴史的中心地。
- 建築様式・特徴：イスラム建築の壮麗なモザイク装飾、巨大なメドレセ（神学校）が特徴。

【おすすめ情報】
- 見どころ：3つのメドレセ（ウルグベク・シェルドル・ティラカリ）の壮大な外観と内部装飾。
- ベストタイム：春（4-5月）または秋（9-10月）の気候の良い時期。
- 写真撮影スポット：広場中央からの全景、各メドレセの細部。
- 周辺の見どころ：シャーヒズィンダ廟群、グル・エミル廟。

【料金・アクセス情報】
- 入場料：各メドレセごとに異なる（合計で約50,000スム/5USD程度）。
- 追加料金：ガイド（要交渉）、写真撮影（一部有料）。
- アクセス方法：サマルカンド空港からタクシーで約15分。市内中心部から徒歩圏内。
- 注意点：夏",https://drive.google.com/file/d/1lmSukAmrglYS5XxIww_ubFi3LHsR2gs_/view?usp=drivesdk,匿名ユーザー,OK
2025/08/09 10:30:24,店舗分析,"はい、承知いたしました。画像に写っているウズベキスタンの店舗について、以下の通り回答します。

【店舗情報】
- 店舗の種類：レストラン
- 主な商品・サービス：プロフ（ウズベキスタンの国民食）
- 看板の意味：「Sharof-Bobo Xususiy Oshxonasi」は「シャロフ・ボボの私設食堂」という意味です。

【評価・レビュー】
- おすすめ度：★★★★☆
- 特徴：地元の人に愛されるプロフの名店。本場の味が楽しめます。
- 注意点：英語は通じにくいかもしれません。

【料金目安】
- 価格帯：安い
- 具体的な料金目安：プロフ一杯 15,000スム（約1.5USD）程度
- コスパ評価：非常に高い！お腹いっぱい食べられます。",https://drive.google.com/file/d/12czW3f-ZiKNC92JnUnmNrz8t2sDc9N0G/view?usp=drivesdk,匿名ユーザー,OK
2025/08/09 10:38:22,看板分析,"はい、承知いたしました。画像に写っている看板について、以下の通り回答します。

【文字・言語分析】
- ウズベク語（ラテン文字）：
    - ISHTIXON：店名と思われる
    - ZIG'IR OSH：料理名（ジグオシュ）
    - IKKINCHI TAOM：二番目の料理
    - BIRINCHI TAOM：最初の料理
    - KABOBLAR：ケバブ
- キリル文字（ロシア語/ウズベク語）：画像内には確認できません。
- アラビア文字：画像内には確認できません。
- 英語：Coca-Cola

【看板情報】
- 店舗・施設名：ISHTIXON
- 業種・サービス内容：レストラン（ウズベク料理）
- 住所・連絡先：不明
- 営業時間・料金：メニューに料金が記載

【文字の特徴】
- 使用されている文字体系：ラテン文字
- 文字の色・デザイン：黒色、シンプルなデザイン
- 読みやすさ：比較的読みやすい

【旅行者向けアドバイス】
この看板は、ウズベク料理レストランのメニューです。店名の「ISHTIXON」を覚えておくと便利です。メニューはウズベク語ですが、料理名と値",https://drive.google.com/file/d/1dJ88XK6Cf3nZVOljckEGheitBuMyU3nA/view?usp=drivesdk,匿名ユーザー,OK
2025/08/09 10:42:02,看板分析,"はい、承知いたしました。画像に写っている看板・メニュー・文字について、以下に日本語で詳しく回答します。

【文字・言語分析と翻訳】
*   ウズベク語（ラテン文字）：
    *   ISHTIXON → レストラン名
    *   ZIG'IR OSH → ジギルオシュ（代表的なウズベク料理）
    *   IKKINCHI TAOM → 2番目の料理
    *   BIRINCHI TAOM → 1番目の料理
    *   KABOBLAR → ケバブ類

【メニュー・料理の場合】
*   Mastava：マスタヴァ → 米と野菜のスープ
*   Lag'mon：ラグマン → ウズベク風うどん
*   Qozon kabob：カザンケバブ → 大鍋で作るケバブ
*   Norin：ノリン → 馬肉を使った麺料理
*   Tushonka：トゥションカ → 肉の缶詰
*   Dolma：ドルマ → ぶどうの葉などで包んだ料理
*   Tovuq kabob：トヴクカバブ → 鶏肉のケバブ

価格：1000スムは約10円です。

【看板・店舗情報の場合】
*   店舗名：ISH",https://drive.google.com/file/d/1weEQ62YxyGUA40spIf0nF0HJojeD6Zoo/view?usp=drivesdk,manabu.yoshida.sapporo@gmail.com,OK
2025/08/09 10:58:05,店舗・観光分析,"はい、承知いたしました。画像に写っているウズベキスタンの観光地についてご説明します。

【基本情報】
- 名称・場所：レギスタン広場、サマルカンド
- 種類：広場（複合施設：メドレセ（神学校）など）
- 歴史・背景：ティムール朝時代に建設。イスラム世界の学術・文化の中心地でした。
- 看板の意味：特になし

【評価・おすすめ情報】
- おすすめ度：★★★★★
- 見どころ・特徴：壮大なイスラム建築群。青いタイル装飾が美しい！夜のライトアップも必見。
- ベストタイム：夕暮れ時～夜。日中は日差しが強いので注意。
- 写真撮影スポット：広場全体を見渡せる場所から。メドレセの細部も忘れずに。
- 注意点・コツ：観光客が多いので、スリに注意。

【料金・アクセス情報】
- 入場料・価格帯：各メドレセごとに異なる。合計で約100,000スム（約1,000円）程度。
- 追加料金：ガイドは別途料金が必要。
- アクセス方法：サマルカンド空港からタクシーで約15分。市内中心部から徒歩圏内。
- 営業時間：施設により",https://drive.google.com/file/d/1FnONDcP0bDmlLcyGtLDwe5N0a7BSlRRJ/view?usp=drivesdk,manabu.yoshida.sapporo@gmail.com,OK
2025/08/09 10:59:13,店舗・観光分析,"はい、承知いたしました。画像に写っているウズベキスタンの店舗について、以下の通り回答します。

【基本情報】
- 名称・場所：ISHTIXON ZIG'IR OSH（場所は不明）
- 種類：レストラン（プロフ専門店）
- 主な商品・サービス：プロフ（ウズベキスタンの国民食）、注文・配達サービス
- 看板の意味：ISHTIXONは店名、ZIG'IR OSHは「亜麻仁のプロフ」、SAMARQAND ZIGIR OSHEは「サマルカンドの亜麻仁のプロフ」、ЗАКАЗ И ДОСТАВКАはロシア語で「注文と配達」

【評価・おすすめ情報】
- おすすめ度：★★★☆☆
- 見どころ・特徴：ウズベキスタン名物プロフの専門店。亜麻仁を使った珍しいプロフが味わえるかも。地元の人に人気がありそう。
- ベストタイム：ランチタイム
- 写真撮影スポット：看板とプロフの写真
- 注意点・コツ：メニューがウズベク語のみの場合があるので、翻訳アプリがあると便利。

【料金・アクセス情報】
- 入場料・価格帯：不明（プロフ一杯あたり500円程度と予想）
- アクセス方法：タクシー
- 営業時間：不明
- 周辺の",https://drive.google.com/file/d/1gpHaNY38C0NcUaPbhTLUnh4zZQLxzhQr/view?usp=drivesdk,manabu.yoshida.sapporo@gmail.com,OK
2025/08/09 11:01:58,看板分析,"はい、承知いたしました。画像に写っている看板・メニュー・文字について、以下に日本語で詳しく回答します。

【文字・言語分析と翻訳】
*   ウズベク語（ラテン文字）：
    *   ISHTIXON → レストラン名
    *   ZIG'IR OSH → ジギルオシュ（代表的なウズベク料理）
    *   IKKINCHI TAOM → 2番目の料理
    *   BIRINCHI TAOM → 1番目の料理
    *   KABOBLAR → ケバブ類

【メニュー・料理の場合】
*   Mastava：マスタヴァ → 米と野菜のスープ
*   Lag'mon：ラグマン → ウズベク風うどん
*   Qozon kabob：カザンケバブ → 大鍋で作るケバブ
*   Norin：ノリン → 馬肉を使った麺料理
*   Tushonka：トゥションカ → 肉の缶詰
*   Dolma：ドルマ → ぶどうの葉などで包んだ料理
*   Tovuq kabob：トヴクカバブ → 鶏肉のケバブ

価格：1000スムは約10円です。

【看板・店舗情報の場合】
*   店舗名：ISH",https://drive.google.com/file/d/1FUB_wJJEJG_qbgJIoYS_T7P-75-IRRX9/view?usp=drivesdk,manabu.yoshida.sapporo@gmail.com,OK
2025/08/09 11:16:39,看板分析,"はい、承知いたしました。画像に写っている看板・メニュー・文字について、以下に日本語で詳しく回答します。

【文字・言語分析と翻訳】
*   ウズベク語（ラテン文字）：
    *   ISHTIXON → レストラン名
    *   ZIG'IR OSH → ジグィルオシュ（代表的なウズベク料理）
    *   IKKINCHI TAOM → 二番目の料理
    *   BIRINCHI TAOM → 一番目の料理
    *   KABOBLAR → ケバブ類

【メニュー・料理の場合】
*   オシュ（プロフ）：ウズベキスタンの国民食。米、肉、野菜を炒め煮した炊き込みご飯。
*   ラグマン：手打ち麺を使ったスープ料理。
*   マスタヴァ：米と野菜のスープ。
*   マンパル：野菜と肉のスープ。
*   ハシ：牛や羊の足の煮込みスープ。
*   チュチュワラ：肉入り水餃子。
*   ケバブ：串焼き肉。
*   価格：1000スムは約10円です。

【看板・店舗情報の場合】
*   店舗名：ISHTIXON（レストラン）
*   業種：レストラン
*   サービス内容：ウズ",https://drive.google.com/file/d/1uwqYCgdWgsaqMLntjZ8YjVkCi4FetlAU/view?usp=drivesdk,manabu.yoshida.sapporo@gmail.com,OK
2025/08/09 11:56:09,店舗・観光分析,"はい、承知いたしました。画像に写っているメニューについて、日本人旅行者向けに解説します。

【基本情報】
- 名称・場所：ISHTIXON（レストラン名）
- 種類：レストラン
- 主な商品・サービス：ウズベク料理（プロフ、スープ、ケバブなど）
- 看板の意味：ISHTIXONはレストランの名前です。ZIG'IR OSHは「ジギル・オシュ」というプロフの種類を指します。IKKINCHI TAOMは「二番目の料理」、BIRINCHI TAOMは「最初の料理」という意味です。

【評価・おすすめ情報】
- おすすめ度：★★★★☆
- 見どころ・特徴：ウズベクの代表的な料理を気軽に楽しめるレストラン。メニューが豊富で、色々な味が試せます。
- ベストタイム：ランチ、ディナー
- 写真撮影スポット：料理の写真はもちろん、店内の雰囲気も撮影すると旅の思い出になります。
- 注意点・コツ：メニューはウズベク語ですが、写真付きなので指差し注文も可能です。

【料金・アクセス情報】
- 入場料・価格帯：料理は25,000スム～231,000スム程度（約300円～2,800円）。
- アクセス方法：タク",https://drive.google.com/file/d/1VkC44rLtI4nmPdnOLZh5LUmxbwmFtSRD/view?usp=drivesdk,匿名ユーザー,OK
2025/08/09 11:56:41,看板分析,"はい、承知いたしました。画像に写っている看板・メニュー・文字について、以下に詳しく回答します。

【文字・言語分析と翻訳】
- ウズベク語（ラテン文字）：
    - ISHTIXON → レストラン、食堂
    - ZIG'IR OSH → ジギルオシュ（料理名）
    - IKKINCHI TAOM → 二番目の料理（メイン料理）
    - BIRINCHI TAOM → 一番目の料理（スープ、前菜）
    - KABOBLAR → ケバブ類

【メニュー・料理の場合】
- Zig'ir osh：ジギルオシュ → ウズベキスタンの代表的な料理、炊き込みご飯の一種。肉や野菜、米などを一緒に炊き込んだもの。
- Mastava：マスタヴァ → 米、野菜、肉が入ったスープ。
- Mampar：マンパル → 肉と野菜が入った麺料理。
- Xash：ハシ → 牛や羊の足、頭、胃などを煮込んだスープ。
- Lag'mon：ラグマン → 肉と野菜を炒めたものをかけた麺料理。
- Teftel：テフテル → ミートボールスープ。
- Ko'za sho'rva：コザショルヴァ → 壺焼きス",https://drive.google.com/file/d/14gitnNkPcccRdmtAxicacwEjSf3XZzkB/view?usp=drivesdk,匿名ユーザー,OK
2025/08/09 11:58:15,店舗・観光分析,"はい、承知いたしました。画像に写っているウズベキスタンの店舗について、以下の通り回答します。

【基本情報】
- 名称・場所：Ishtixon（イシュティハン）
- 種類：レストラン
- 主な商品・サービス：ジギルオシュ（ウズベキスタンの伝統的な料理）
- 看板の意味：Ishtixonは店名、ZIGIR OSHは料理名（ジギルオシュ）と思われます。

【評価・おすすめ情報】
- おすすめ度：★★★★☆
- 見どころ・特徴：ジギルオシュが美味しいと評判のお店。地元の人にも人気があるようです。
- ベストタイム：ランチやディナーの時間帯
- 写真撮影スポット：お店の看板前で記念撮影！
- 注意点・コツ：メニューはウズベク語の可能性があるので、翻訳アプリなどを活用すると便利です。

【料金・アクセス情報】
- 入場料・価格帯：ジギルオシュ1人前38,500スム（約460円）
- アクセス方法：パイシャンバの2軒先にあるとのことなので、タクシーなどが便利です。
- 周辺の見どころ：パイシャンバのバザールなど

※情報は画像に写っている範囲に基づいています。",https://drive.google.com/file/d/1kH2r6aYBkMbTteyOkMJgNRgojsOYXF-q/view?usp=drivesdk,匿名ユーザー,OK
2025/08/09 11:59:08,店舗・観光分析,"はい、承知いたしました。画像に写っているウズベキスタンの観光地について、日本人旅行者向けに解説します。

【基本情報】
- 名称・場所：レギスタン広場（サマルカンド）
- 種類：広場（複合施設：メドレセ（神学校）など）
- 歴史・背景：ティムール朝時代に建設。イスラム世界の学術・文化の中心地でした。
- 看板の意味：特になし（広場のため）

【評価・おすすめ情報】
- おすすめ度：★★★★★
- 見どころ・特徴：青を基調とした壮麗な建築群。ウズベキスタンの象徴的な場所です。
- ベストタイム：日中（青空とのコントラストが美しい）、夜（ライトアップ）
- 写真撮影スポット：広場全体を見渡せる場所、メドレセの入口
- 注意点・コツ：日差しが強いので、帽子やサングラスがあると便利です。

【料金・アクセス情報】
- 入場料・価格帯：各メドレセごとに異なる（目安：1つあたり50,000スム程度、約500円）
- 追加料金：ガイド（英語・ロシア語など）、写真撮影許可
- アクセス方法：サマルカンド市内からタクシーまたはバスで約15分
- ",https://drive.google.com/file/d/1-vrE-EzcwmhUsTYTerS_CCDWirS8M3eG/view?usp=drivesdk,匿名ユーザー,OK
2025/08/09 12:03:45,店舗・観光分析,"はい、承知いたしました。画像に写っているウズベキスタンの観光地についてご説明します。

【基本情報】
- 名称・場所：アミール・テムール廟（サマルカンド）
- 種類：霊廟
- 歴史・背景：15世紀初頭に建設された、ティムール朝の創始者アミール・テムールの墓廟。美しい青色のドームが特徴です。
- 看板の意味：(ウズベク語/ロシア語) 記載なし

【評価・おすすめ情報】
- おすすめ度：★★★★★
- 見どころ・特徴：壮麗な建築と装飾、歴史的な重要性。内部の装飾も必見です。
- ベストタイム：夕暮れ時。ライトアップされた姿は幻想的。
- 写真撮影スポット：廟全体が見渡せる広場からの撮影がおすすめ。
- 注意点・コツ：内部は撮影禁止の場合があります。

【料金・アクセス情報】
- 入場料・価格帯：約30,000スム（約300円）
- 追加料金：ガイドは別途料金がかかる場合があります。
- アクセス方法：サマルカンド市内からタクシーで約10分。
- 営業時間：9:00～18:00（季節により変動あり）
- 周辺の見どころ：",https://drive.google.com/file/d/1K3IRzoFM-3BEvj37_68jpRLogEKgDvAY/view?usp=drivesdk,manabu.yoshida.sapporo@gmail.com,OK
2025/08/09 12:04:51,店舗・観光分析,"はい、承知いたしました。画像に写っているウズベキスタンの観光地について、日本人旅行者向けに解説します。

【基本情報】
- 名称・場所：レギスタン広場（サマルカンド）
- 種類：広場（複合施設：メドレセ（神学校）など）
- 歴史・背景：ティムール朝時代に建設。イスラム世界の学術・文化の中心地でした。
- 看板の意味：特になし（広場のため）

【評価・おすすめ情報】
- おすすめ度：★★★★★
- 見どころ・特徴：青を基調とした壮麗な建築群。ウズベキスタンの象徴的な場所です。
- ベストタイム：日中（青空とのコントラストが美しい）、夜（ライトアップ）
- 写真撮影スポット：広場全体を見渡せる場所、メドレセの入口
- 注意点・コツ：日差しが強いので、帽子やサングラスがあると便利です。

【料金・アクセス情報】
- 入場料・価格帯：各メドレセごとに異なる（目安：1つあたり50,000スム程度、約500円）
- 追加料金：ガイド（英語・ロシア語など）、写真撮影許可
- アクセス方法：サマルカンド市内からタクシーまたはバスで約15分
- ",https://drive.google.com/file/d/1i1JmQYIyHfGuNinWFhQqVTEms0pc20aR/view?usp=drivesdk,匿名ユーザー,OK
2025/08/09 12:05:23,店舗・観光分析,"はい、承知いたしました。画像に写っているウズベキスタンの店舗についてご説明します。

【基本情報】
- 名称・場所：Sharof-Bobo Xususiy Oshxonasi（シャロフ・ボボ　フスシイ　オシュホナシ）
- 種類：レストラン（オシュホナシはウズベク語で食堂の意味）
- 主な商品・サービス：プロフなどのウズベク料理
- 看板の意味：Sharof-Bobo（シャロフ・ボボ）は人名と思われます。「Xususiy Oshxonasi」は「私設食堂」のような意味です。

【評価・おすすめ情報】
- おすすめ度：★★★☆☆
- 見どころ・特徴：ローカルな雰囲気で、本格的なウズベク料理が楽しめます。
- ベストタイム：ランチタイム
- 写真撮影スポット：店内の様子や料理の写真
- 注意点・コツ：メニューがウズベク語のみの場合があるので、翻訳アプリがあると便利です。

【料金・アクセス情報】
- 入場料・価格帯：不明（ローカル向けなので比較的安価だと思われます）
- アクセス方法：タクシーが便利です。
- 営業時間：不明
- 周辺の見どころ：周辺の街並みを散策するのもおすすめです。

※",https://drive.google.com/file/d/1KEfnjmhf0ERgnv_cj4glnfMQqo01p_SX/view?usp=drivesdk,匿名ユーザー,OK
2025/08/09 12:21:36,店舗・観光分析,"はい、承知いたしました。画像に写っている建物について、日本人旅行者向けに情報を提供します。

**【基本情報】**
- 名称・場所：ハズラティ・イマーム・モスク（タシケント）
- 種類：モスク
- 歴史・背景：イスラム教の聖地。コーランの写本が保管されている。
- 看板の意味：不明（ウズベク語/ロシア語）

**【評価・おすすめ情報】**
- おすすめ度：★★★★☆
- 見どころ・特徴：美しい青いドームと装飾。イスラム文化に触れられる。
- ベストタイム：午前中（人が少ない）、春・秋（気候が良い）
- 写真撮影スポット：モスク正面からの全景、内部の装飾
- 注意点・コツ：肌の露出を避ける。女性はスカーフがあると便利。

**【料金・アクセス情報】**
- 入場料：無料（寄付歓迎）
- アクセス方法：地下鉄「ハズラティ・イマーム」駅から徒歩
- 営業時間：9:00～17:00（変更の可能性あり）
- 周辺の見どころ：ハスト・イマーム複合施設（霊廟、図書館など）

タシケント観光では外せないスポットです！ぜひ訪れてみてください。",https://drive.google.com/file/d/1t9NCwBCNcfb3fuSxdXKCJNJ5G6UoxDTc/view?usp=drivesdk,匿名ユーザー,OK
2025/08/09 12:36:26,店舗・観光分析,"はい、承知いたしました。画像に写っている店舗についてご説明します。

【基本情報】
- 名称・場所：Anor（アノール）
- 種類：レストラン（おそらく）
- 主な商品・サービス：ウズベク料理、ヨーロッパ料理など
- 看板の意味：「Anor」はウズベク語で「ザクロ」を意味します。

【評価・おすすめ情報】
- おすすめ度：★★★☆☆
- 見どころ・特徴：ザクロをモチーフにした可愛らしい看板が目印。店内は落ち着いた雰囲気で、ゆっくり食事を楽しめます。
- 写真撮影スポット：看板の前で記念撮影！
- 注意点・コツ：メニューはウズベク語かロシア語の場合があるので、翻訳アプリがあると便利です。

【料金・アクセス情報】
- 価格帯：中程度（1食あたり500円～1500円程度）
- アクセス方法：タクシーが便利です。
- 営業時間：不明

ザクロはウズベキスタンでよく食べられる果物なので、ぜひ味わってみてくださいね！
",https://drive.google.com/file/d/1XKrOAApi8J8mVI_8WT9CWQcg_4LJe1uJ/view?usp=drivesdk,匿名ユーザー,OK
2025/08/09 12:37:55,看板分析,"【文字・言語分析と翻訳】
- 英語：Wedding Pilaf → 結婚式のピラフ、Special Pilaf → 特別なピラフ、Choykhona Pilaf Fried → チャイハナ風揚げピラフ、Salad ""Achik-Chuchuk"" → アチクチュチュクサラダ、Salad ""Pickled"" → ピクルスサラダ、Sour Milk → サワーミルク、Ice Tea → アイスティー、Compote → コンポート、Tea (Green & Black) → お茶（緑茶と紅茶）

【メニュー・料理の場合】
- Wedding Pilaf：結婚式のピラフ。お祝いの席で食べる特別なピラフ。
- Special Pilaf：特別なピラフ。具材や調理法にこだわったピラフ。
- Salad ""Achik-Chuchuk""：アチクチュチュクサラダ。トマトと玉ねぎのシンプルなサラダ。
- 価格：ピラフ1人前13,000スム～（約150円～）。サラダ3,000スム～（約35円～）。
- おすすめ度：★★★★☆

【旅行者向けアドバイス】
ウズベキスタンの国民食プロフ（ピラフ）は必食！色々な種",https://drive.google.com/file/d/17ZMvYOieGAvkZV4nl7AEGsQPUDk2hmzk/view?usp=drivesdk,匿名ユーザー,OK
2025/08/09 12:41:01,店舗・観光分析,申し訳ありません。画像に写っている建物は、ウズベキスタンの店舗・施設・観光地ではないようです。また、画像の内容が性的で不適切であるため、詳細な分析や情報提供は控えさせていただきます。,https://drive.google.com/file/d/1L32yGGJjGfbNOixcRtERFr9zINSloAeD/view?usp=drivesdk,匿名ユーザー,OK
2025/08/09 12:41:32,看板分析,"はい、承知いたしました。画像に写っている看板について、以下に詳細な分析と翻訳をまとめます。

【文字・言語分析と翻訳】
- ウズベク語（ラテン文字）：KELIBSIZ! → いらっしゃいませ！
- キリル文字（ロシア語/ウズベク語）：
    - ШУРБО → シュルボ（スープ）
    - ЛАГМАН → ラグマン（麺料理）
    - МАНТИ → マンティ（蒸し餃子）
    - ПЕРАШКИ → ピロシキ
    - БЕЛЯШИ → ベリャーシ
    - ЧАЙ, КОФЕ, НАПИТКИ → お茶、コーヒー、飲み物

【メニュー・料理の場合】
- OSH：オシュ → ウズベク風ピラフ。米、肉、野菜を炒めて炊き込んだ料理。★★★★★
- シュルボ：スープ。肉や野菜を煮込んだ温かいスープ。★★★★☆
- ラグマン：麺料理。手打ち麺と肉、野菜を炒めたものにかけるスープ麺。★★★★☆
- マンティ：蒸し餃子。ひき肉と玉ねぎを薄い皮で包んで蒸した料理。★★★★☆
- ТАБАКА：タバカ → 鶏肉の丸",https://drive.google.com/file/d/1cDGNBgKLPUzUToMarLm9VhFrVSCF_tng/view?usp=drivesdk,匿名ユーザー,OK
2025/08/09 13:27:17,看板分析,"はい、承知いたしました。画像に写っている看板・メニュー・文字について、以下に日本語で詳しく回答します。

【文字・言語分析と翻訳】
*   ウズベク語（ラテン文字）：
    *   ISHTIXON → レストラン名
    *   ZIG'IR OSH → ジギルオシュ（代表的なウズベク料理）
    *   IKKINCHI TAOM → 2番目の料理
    *   BIRINCHI TAOM → 1番目の料理
    *   KABOBLAR → ケバブ類

【メニュー・料理の場合】
*   Mastava：マスタヴァ → 米と野菜のスープ
*   Lag'mon：ラグマン → ウズベク風うどん
*   Qozon kabob：カザンケバブ → 大鍋で作るケバブ
*   Norin：ノリン → 馬肉を使った麺料理
*   Tushonka：トゥションカ → 肉の缶詰を使った料理
*   Dolma：ドルマ → ぶどうの葉で包んだ料理
*   Tovuq kabob：トヴクカバブ → 鶏肉のケバブ

価格：1000スムは約10円です。

【看板・店舗情報の場合】
*   店舗名",https://drive.google.com/file/d/1quXk-lYcnF3zLbIXBZaBqi7RID8NuZEG/view?usp=drivesdk,manabu.yoshida.sapporo@gmail.com,OK
2025/08/10 12:40:12,看板分析,"はい、承知いたしました。画像に写っている文字について、以下に詳細をまとめます。

【文字・言語分析と翻訳】
- ウズベク語（ラテン文字）：
  - Rahmat → ありがとう
  - Yoq → いいえ
- キリル文字（ウズベク語）：
  - Кечирасиз → ごめんなさい

【旅行者向けアドバイス】
ウズベキスタン旅行で役立つ簡単な挨拶です。
- 「Rahmat（ラフマット）」は「ありがとう」。
- 「Кечирасиз（ケチラスィズ）」は「ごめんなさい」。
- 「Ha（ハー）」は「はい」。
- 「Yoq（ヨック）」は「いいえ」。
これらを覚えておくと、現地の人とのコミュニケーションがスムーズになりますよ！",https://drive.google.com/file/d/1kC3MoF2d9TCIF-kkHT0G4VRWXslWZxVj/view?usp=drivesdk,匿名ユーザー,OK
2025/08/10 12:41:38,店舗・観光分析,"はい、承知いたしました。画像に写っているウズベキスタンの観光地について、日本人旅行者向けに解説します。

【基本情報】
- 名称・場所：ティムール朝の霊廟、サマルカンド
- 種類：霊廟
- 歴史・背景：ティムール朝の創始者ティムールとその一族が眠る壮麗な霊廟。イスラム建築の傑作として知られています。
- 看板の意味：(ウズベク語/ロシア語) 詳細は不明ですが、霊廟名や歴史に関する記述があると思われます。

【評価・おすすめ情報】
- おすすめ度：★★★★★
- 見どころ・特徴：青いドームと緻密な装飾が圧巻。内部の豪華な装飾も見逃せません。
- ベストタイム：日中。特に晴れた日は、青いドームが美しく輝きます。
- 写真撮影スポット：霊廟全体を捉えることができる正面からのアングルがおすすめです。
- 注意点・コツ：内部は神聖な場所なので、肌の露出を控えめにした服装を心がけましょう。

【料金・アクセス情報】
- 入場料・価格帯：約30,000スム（約300円）
- 追加料金：ガイド、写真撮影許可など
- アクセス方法：サマルカンド市内",https://drive.google.com/file/d/1WwcpUTTEgK9WJlH4j9xYjLrz2xp8lAwi/view?usp=drivesdk,匿名ユーザー,OK
2025/08/11 11:49:19,店舗・観光分析,"はい、承知いたしました。画像に写っているウズベキスタンの観光地についてご説明します。

【基本情報】
- 名称・場所：シャーヒ・ズィンダ廟群、サマルカンド
- 種類：霊廟
- 歴史・背景：ティムール朝時代に建てられた、王族や高官の墓所が集まる場所。美しい青色のタイル装飾が特徴です。
- 看板の意味：アラビア文字でコーランの一節などが書かれています。

【評価・おすすめ情報】
- おすすめ度：★★★★★
- 見どころ・特徴：息をのむほど美しい青の装飾は必見！細部までこだわったタイルワークに感動します。
- ベストタイム：午前中がおすすめ。光が差し込み、タイルがより美しく輝きます。
- 写真撮影スポット：入り口付近から全体を捉えるのがおすすめ。
- 注意点・コツ：露出を調整して、青色の美しさを最大限に引き出しましょう。

【料金・アクセス情報】
- 入場料：約25,000スム（約300円）
- アクセス方法：サマルカンド市内からタクシーで約15分。
- 営業時間：9:00～18:00
- 周辺の見どころ：ビビハニム・モスク、レギ",https://drive.google.com/file/d/1mwcD222-UDUn1ru2KuxIlPxpBXBLAjfv/view?usp=drivesdk,匿名ユーザー,OK
2025/08/11 11:51:31,看板分析,"はい、承知いたしました。画像に写っているメニューについて、以下に日本語で詳しく説明します。

【文字・言語分析と翻訳】
- キリル文字（ロシア語）：
    - МЕНЮ → メニュー
    - Наименование блюда → 料理名
    - Пельмени с бараниной → 羊肉のペリメニ
    - Пельмени с говядиной → 牛肉のペリメニ
    - Пельмени с мясной подливой → 肉ソースのペリメニ
    - Мошкичири кази-картали тўшлик → モシュキチリ カジ-カルタリ トゥシュリク
    - Казы свежее → 新鮮なカズィ
    - Казы ассорти → カズィ盛り合わせ
    - Выход(г.) → 量(g)
    - Цена( ) → 価格( )

【メニュー・料理の場合】
- ペリメニ（羊肉/牛肉/肉ソース）：ロシア風水餃子。羊肉、牛肉、肉ソースの3種類があります。
- モシュキチリ カジ-カルタリ トゥシュリク：馬肉ソーセージとジ",https://drive.google.com/file/d/1UrAX-EKyBWkHYm3EV7ozrN2Fd4jSRUSa/view?usp=drivesdk,匿名ユーザー,OK
2025/08/11 13:38:23,店舗・観光分析,申し訳ありません。画像からはウズベキスタンの店舗・施設・観光地を特定できません。窓から見える風景は、山や住宅地であり、ウズベキスタン特有の建築物や看板などは確認できません。より詳細な情報があれば、喜んでお手伝いさせていただきます。,https://drive.google.com/file/d/1Mxw4Bv5mhS64Bk5y22uWnhMqL6GItyvP/view?usp=drivesdk,匿名ユーザー,OK